{"Harris": [29.76459, -95.35722], "Dallas": [32.77459, -96.8245], "Tarrant": [32.75563, -97.33611], "Bexar": [29.42907, -98.50727], "Travis": [30.19604, -97.64548], "Collin": [33.2468, -96.63605], "Denton": [33.21531, -97.11198], "Hidalgo": [26.41506, -98.12555], "El Paso": [31.75817, -106.48353], "Montgomery": [30.33598, -95.45335], "Williamson": [30.6399, -97.67919], "Nueces": [27.79627, -97.39973], "Brazoria": [29.24915, -95.4115], "Bell": [31.05665, -97.46465], "Galveston": [29.29197, -94.83147], "Lubbock": [33.63154, -101.79758], "Webb": [27.50872, -99.50564], "McLennan": [31.53136, -97.23817], "Smith": [32.34971, -95.29935], "Brazos": [30.6786, -96.39302], "Hays": [29.89514, -97.90343], "Ellis": [32.38401, -96.84745], "Midland": [31.99431, -102.07434], "Ector": [31.82081, -102.35658], "Guadalupe": [29.60381, -97.97006], "Potter": [35.24226, -101.66792]}